Product,Rating,Cost,
BOAT Airdopes 511 V2,Unavailable,Rs. 2499.00,
BOAT Airdopes 381 - In Ear Wireless Earbuds,4.54 stars,Rs. 1999.00,
BOAT Airdopes 402 - Wireless Earbuds,4.70 stars,Rs. 1799.00,
BOAT Airdopes 431 - Truly Wireless Earbuds,4.72 stars,Rs. 1999.00,
BOAT Airdopes 441 - Wireless Earbuds,4.77 stars,Rs. 2499.00,
BOAT Airdopes 311 V2 - Bluetooth Earbuds,4.50 stars,Rs. 2499.00,
BOAT Airdopes 441 Pro - Bluetooth Wireless Earbuds,4.71 stars,Rs. 2999.00,
BOAT Airdopes 201 - True Wireless Earbuds,4.57 stars,Rs. 1999.00,
BOAT Airdopes 131 - Wireless Earbuds,4.60 stars,Rs. 1299.00,
BOAT Airdopes 171 - Earbuds,4.74 stars,Rs. 1799.00,
BOAT Airdopes 281 - True Wireless Earbuds,4.76 stars,Rs. 2299.00,
TRebel Airdopes 402,Unavailable,Rs. 1799.00,
TRebel Airdopes 131,Unavailable,Rs. 1299.00,
BOAT Airdopes 481 V2,Unavailable,Rs. 1999.00,
BOAT Airdopes 621,Unavailable,Rs. 2999.00,
BOAT Airdopes 412 - Bluetooth Earbuds,5.00 stars,Rs. 2999.00,
BOAT Airdopes 121 v2 - Wireless Earbuds,4.66 stars,Rs. 1299.00,
BOAT Airdopes 631 - TWS Earbuds,4.57 stars,Rs. 3999.00,
BOAT Airdopes 481 - Bluetooth Earbuds,Unavailable,Rs. 2999.00,
BOAT Airdopes 382 - Bluetooth Earbuds,5.00 stars,Rs. 2499.00,
BOAT Airdopes 491 - Wireless Earbuds,4.33 stars,Rs. 3999.00,
BOAT Airdopes 291 - Wireless Earbuds,5.00 stars,Rs. 2499.00,
BOAT Airdopes 501 - Earbuds,4.64 stars,Rs. 2999.00,
Airdopes 443,5.00 stars,Rs. 2699.00,
BOAT Airdopes 461 - Bluetooth Earbuds,5.00 stars,Rs. 2499.00,
BOAT Airdopes 711 - Best Bluetooth Earbuds with Mic,Unavailable,Rs. 4990.00,
BOAT Airdopes 203 - Noise Cancelling Earbuds,5.00 stars,Rs. 2099.00,
BOAT Airdopes 383 - Wireless Earbuds,Unavailable,Rs. 2999.00,
BOAT Airdopes 421 - TWS Earbuds,5.00 stars,Rs. 2499.00,
BOAT Airdopes 101,Unavailable,Rs. 1999.00,
